local_filename,local_version,local_name,sha256_16char,classification,exact_ledger_match,other_ledger_versions
"20260412235959_historical_baseline_pre_cutover.sql","20260412235959","historical_baseline_pre_cutover","1b3b5cf39c2c9ec8","A_EXACT_MATCH","20260412235959",""
"20260413_add_confirmed_answers.sql","20260413","add_confirmed_answers","c22d4aedbddd5f2f","A_EXACT_MATCH","20260413",""
"20260414000001_conflict_check.sql","20260414000001","conflict_check","2b561f99680261aa","A_EXACT_MATCH","20260414000001",""
"20260414000002_custom_domain.sql","20260414000002","custom_domain","4788d23f0e7da0b4","A_EXACT_MATCH","20260414000002",""
"20260414000003_intake_firms_location.sql","20260414000003","intake_firms_location","e37118049ae3ccc8","A_EXACT_MATCH","20260414000003",""
"20260414000004_j10_re_engagement.sql","20260414000004","j10_re_engagement","b51231c7f6c5ff58","A_EXACT_MATCH","20260414000004",""
"20260414000005_j11_j12_relationship_nurture.sql","20260414000005","j11_j12_relationship_nurture","86bfde789c67ff4e","A_EXACT_MATCH","20260414000005",""
"20260414000006_j2_consultation_reminders.sql","20260414000006","j2_consultation_reminders","f7984637da8838c4","A_EXACT_MATCH","20260414000006",""
"20260414000007_j7_welcome_onboarding.sql","20260414000007","j7_welcome_onboarding","e0e339252232f70c","A_EXACT_MATCH","20260414000007",""
"20260414000008_j8_matter_active.sql","20260414000008","j8_matter_active","614d7205df01c6bd","A_EXACT_MATCH","20260414000008",""
"20260414000009_j9_review_request.sql","20260414000009","j9_review_request","565c153bb0f54f9f","A_EXACT_MATCH","20260414000009",""
"20260414000010_journey_sequences.sql","20260414000010","journey_sequences","4035e45107d7a9aa","A_EXACT_MATCH","20260414000010",""
"20260414000011_portal_clio.sql","20260414000011","portal_clio","8140f216a9525ac8","A_EXACT_MATCH","20260414000011",""
"20260414000012_retainer_agreements.sql","20260414000012","retainer_agreements","636ead5dc49d7115","A_EXACT_MATCH","20260414000012",""
"20260415000001_dashboard_columns.sql","20260415000001","dashboard_columns","33e4b451f3824070","A_EXACT_MATCH","20260415000001",""
"20260415000002_dashboard_v2.sql","20260415000002","dashboard_v2","72aef6c897ec337e","A_EXACT_MATCH","20260415000002",""
"20260415000003_leads_intake_session_id.sql","20260415000003","leads_intake_session_id","49f59f325bba00d0","A_EXACT_MATCH","20260415000003",""
"20260417000001_round3_memo.sql","20260417000001","round3_memo","1fbff74883aaab47","A_EXACT_MATCH","20260417000001",""
"20260417000002_sub_type_conflicts.sql","20260417000002","sub_type_conflicts","3360f1cca085e58c","A_EXACT_MATCH","20260417000002",""
"20260418000001_matter_routing.sql","20260418000001","matter_routing","c9103a807bfabefd","A_EXACT_MATCH","20260418000001",""
"20260418000002_retainer_fks.sql","20260418000002","retainer_fks","eda6217191b48899","A_EXACT_MATCH","20260418000002",""
"20260418000003_storage_intake_attachments.sql","20260418000003","storage_intake_attachments","b7c54464821c793c","A_EXACT_MATCH","20260418000003",""
"20260421_intake_sessions_practice_sub_type.sql","20260421","intake_sessions_practice_sub_type","c002e3cb21989a4d","A_EXACT_MATCH","20260421",""
"20260423000001_leads_cpi_explainability.sql","20260423000001","leads_cpi_explainability","0caf1c129e052295","A_EXACT_MATCH","20260423000001",""
"20260423000002_leads_scoring_model.sql","20260423000002","leads_scoring_model","6a9cf00dc62ef4c7","A_EXACT_MATCH","20260423000002",""
"20260423000003_rls_hardening.sql","20260423000003","rls_hardening","d038fdf109a4c667","A_EXACT_MATCH","20260423000003",""
"20260423000004_rls_hardening_fix.sql","20260423000004","rls_hardening_fix","ed1cc815c4991b5c","A_EXACT_MATCH","20260423000004",""
"20260423000005_rls_hardening_sweep.sql","20260423000005","rls_hardening_sweep","691a88c28a9b8e01","A_EXACT_MATCH","20260423000005",""
"20260429_band_x_check_constraint.sql","20260429","band_x_check_constraint","f70861ba2c11bc9f","A_EXACT_MATCH","20260429",""
"20260505000001_firm_decline_templates.sql","20260505000001","firm_decline_templates","910488312c895212","A_EXACT_MATCH","20260505000001",""
"20260505000002_screened_leads.sql","20260505000002","screened_leads","3a82e132e08334c3","A_EXACT_MATCH","20260505000002",""
"20260505000003_screened_leads_dashboard_indexes.sql","20260505000003","screened_leads_dashboard_indexes","ef49cdd049ae1914","A_EXACT_MATCH","20260505000003",""
"20260505000004_webhook_outbox.sql","20260505000004","webhook_outbox","9e3812ad66892c6c","A_EXACT_MATCH","20260505000004",""
"20260506000001_firm_lawyers.sql","20260506000001","firm_lawyers","41c4cf5fbe5f7f1f","A_EXACT_MATCH","20260506000001",""
"20260506000002_firm_files.sql","20260506000002","firm_files","67efccc35e2c9b9e","A_EXACT_MATCH","20260506000002",""
"20260506000003_pg_cron_pg_net_setup.sql","20260506000003","pg_cron_pg_net_setup","bb52fdf1f4f80784","A_EXACT_MATCH","20260506000003",""
"20260512_intake_language_and_raw_transcript.sql","20260512","intake_language_and_raw_transcript","6e3eb02456487a48","A_EXACT_MATCH","20260512",""
"20260513000001_firm_onboarding_intake.sql","20260513000001","firm_onboarding_intake","ed9409b464ab57c6","A_EXACT_MATCH","20260513000001",""
"20260513000002_cron_health_rpc.sql","20260513000002","cron_health_rpc","99197a55a77e765a","A_EXACT_MATCH","20260513000002",""
"20260513000003_firm_onboarding_access_grant_status.sql","20260513000003","firm_onboarding_access_grant_status","519e09d45c5c3248","A_EXACT_MATCH","20260513000003",""
"20260513000004_firm_onboarding_booking_url.sql","20260513000004","firm_onboarding_booking_url","6b518628c3f69535","A_EXACT_MATCH","20260513000004",""
"20260513000005_firm_onboarding_channels_and_signature.sql","20260513000005","firm_onboarding_channels_and_signature","b256cc92667eb476","A_EXACT_MATCH","20260513000005",""
"20260513000006_firm_onboarding_gbp_admin_status.sql","20260513000006","firm_onboarding_gbp_admin_status","a1cb67658802ed44","A_EXACT_MATCH","20260513000006",""
"20260513000007_firm_onboarding_intake_doc_upload.sql","20260513000007","firm_onboarding_intake_doc_upload","7b8fc79064b50c8a","A_EXACT_MATCH","20260513000007",""
"20260513000008_firm_onboarding_practice_scope_and_systems.sql","20260513000008","firm_onboarding_practice_scope_and_systems","5ca74a77bab6c8ed","A_EXACT_MATCH","20260513000008",""
"20260513000009_voice_webhook_secret.sql","20260513000009","voice_webhook_secret","340b1da013ff978a","A_EXACT_MATCH","20260513000009",""
"20260514000001_intake_firms_channel_asset_ids.sql","20260514000001","intake_firms_channel_asset_ids","72f177a96ee78e2a","A_EXACT_MATCH","20260514000001",""
"20260514000002_screened_leads_actor_role.sql","20260514000002","screened_leads_actor_role","dab6050f935d3f32","A_EXACT_MATCH","20260514000002",""
"20260515000001_band_d_and_referred_status.sql","20260515000001","band_d_and_referred_status","44832d84ecdbd4e1","A_EXACT_MATCH","20260515000001",""
"20260515000002_screened_leads_utm_referrer.sql","20260515000002","screened_leads_utm_referrer","d45a3f41fd14f435","A_EXACT_MATCH","20260515000002",""
"20260516000001_channel_intake_sessions.sql","20260516000001","channel_intake_sessions","99ea11ec93b8f5d2","A_EXACT_MATCH","20260516000001",""
"20260516000002_intake_firms_meta_access_tokens.sql","20260516000002","intake_firms_meta_access_tokens","4e1c09b909672a7a","A_EXACT_MATCH","20260516000002",""
"20260516000003_unconfirmed_inquiries.sql","20260516000003","unconfirmed_inquiries","939692abdb45fe8b","A_EXACT_MATCH","20260516000003",""
"20260518_enable_rls_firm_onboarding_intake.sql","20260518","enable_rls_firm_onboarding_intake","7738b198abecbb4c","B_DUPLICATE_LEDGER_ROWS","20260518","20260518205041"
"20260520000001_firm_onboarding_directory_prep.sql","20260520000001","firm_onboarding_directory_prep","4d08a2aaa8147229","B_DUPLICATE_LEDGER_ROWS","20260520000001","20260520173822"
"20260520000002_firm_onboarding_notification_tracking.sql","20260520000002","firm_onboarding_notification_tracking","5709d9b0f6f95a4a","B_DUPLICATE_LEDGER_ROWS","20260520000002","20260520192341"
"20260520000003_s8p1_client_matters.sql","20260520000003","s8p1_client_matters","475e58cf684fc1cf","B_DUPLICATE_LEDGER_ROWS","20260520000003","20260522014558"
"20260520000004_s8p1_explainer_articles.sql","20260520000004","s8p1_explainer_articles","8142114d59d8b28c","B_DUPLICATE_LEDGER_ROWS","20260520000004","20260522014657"
"20260520000005_s8p1_firm_lawyers_roles.sql","20260520000005","s8p1_firm_lawyers_roles","7a6eb9995e259c09","B_DUPLICATE_LEDGER_ROWS","20260520000005","20260522014449"
"20260520000006_s8p1_intake_firms_routing.sql","20260520000006","s8p1_intake_firms_routing","8511d87884407d72","B_DUPLICATE_LEDGER_ROWS","20260520000006","20260522014515"
"20260520000007_s8p1_matter_messages.sql","20260520000007","s8p1_matter_messages","40662a6bacb56189","B_DUPLICATE_LEDGER_ROWS","20260520000007","20260522014628"
"20260520000008_s8p1_notification_batch_cron.sql","20260520000008","s8p1_notification_batch_cron","3f4cd16275f7f243","B_DUPLICATE_LEDGER_ROWS","20260520000008","20260522014741"
"20260520000009_s8p1_notification_outbox.sql","20260520000009","s8p1_notification_outbox","b73a4ab0269fb1e4","B_DUPLICATE_LEDGER_ROWS","20260520000009","20260522014728"
"20260521000001_intake_firms_ghl_location_id.sql","20260521000001","intake_firms_ghl_location_id","34a877818e9a6d6e","B_DUPLICATE_LEDGER_ROWS","20260521000001","20260521232106"
"20260521000002_intake_firms_voice_api_token.sql","20260521000002","intake_firms_voice_api_token","4afc8f294e32ec15","B_DUPLICATE_LEDGER_ROWS","20260521000002","20260521225705"
"20260525_channel_intake_sessions_recent_finalized_index.sql","20260525","channel_intake_sessions_recent_finalized_index","0d0470ca6c4e242c","B_DUPLICATE_LEDGER_ROWS","20260525","20260525172702"
"20260526000001_channel_sessions_screened_lead_link.sql","20260526000001","channel_sessions_screened_lead_link","360e235df771192a","B_DUPLICATE_LEDGER_ROWS","20260526000001","20260526133906"
"20260526000002_intake_firms_token_expiry.sql","20260526000002","intake_firms_token_expiry","bec5f55d2ddffd4e","B_DUPLICATE_LEDGER_ROWS","20260526000002","20260526040314"
"20260526000003_intake_firms_token_expiry_trigger.sql","20260526000003","intake_firms_token_expiry_trigger","10e270ea33f92142","B_DUPLICATE_LEDGER_ROWS","20260526000003","20260526134701"
"20260601_voice_callback_requests.sql","20260601","voice_callback_requests","ce539da131c03b54","B_DUPLICATE_LEDGER_ROWS","20260601","20260602001337"
"20260602_intake_firms_gemini_disabled_alert.sql","20260602","intake_firms_gemini_disabled_alert","75a11885b36c2939","B_DUPLICATE_LEDGER_ROWS","20260602","20260603011534"
"20260605175457_security_lockdown_anon_authenticated.sql","20260605175457","security_lockdown_anon_authenticated","6f6527c4da1717e2","A_EXACT_MATCH","20260605175457",""
"20260605_voice_callback_promoted_link.sql","20260605","voice_callback_promoted_link","5f2f7cca236f2d00","B_DUPLICATE_LEDGER_ROWS","20260605","20260605173558"
"20260609000001_otp_attempt_cap.sql","20260609000001","otp_attempt_cap","7e640abcc7f0759f","B_DUPLICATE_LEDGER_ROWS","20260609000001","20260610012500"
"20260609000002_processed_channel_messages.sql","20260609000002","processed_channel_messages","6b1dd326a6307272","B_DUPLICATE_LEDGER_ROWS","20260609000002","20260610012439"
"20260609000003_screened_leads_notification_state.sql","20260609000003","screened_leads_notification_state","530ff30a23365782","B_DUPLICATE_LEDGER_ROWS","20260609000003","20260610012451"
"20260609000004_webhook_outbox_action_check_expand.sql","20260609000004","webhook_outbox_action_check_expand","7c0d6df82547a908","B_DUPLICATE_LEDGER_ROWS","20260609000004","20260610012511"
"20260611000000_voice_turn_sessions.sql","20260611000000","voice_turn_sessions","96f4a7fa7ec62f09","B_DUPLICATE_LEDGER_ROWS","20260611000000","20260628235155"
"20260616000001_firm_files_links_and_sections.sql","20260616000001","firm_files_links_and_sections","aa8f56522cebecb6","B_DUPLICATE_LEDGER_ROWS","20260616000001","20260616190231"
"20260616000002_firm_lawyers_disabled.sql","20260616000002","firm_lawyers_disabled","e92a83d4f3804b0c","B_DUPLICATE_LEDGER_ROWS","20260616000002","20260616195645"
"20260617000001_firm_onboarding_customer_base.sql","20260617000001","firm_onboarding_customer_base","076ca6846b259e96","A_EXACT_MATCH","20260617000001",""
"20260617000002_firm_onboarding_v2_fields.sql","20260617000002","firm_onboarding_v2_fields","07ba242124d38501","B_DUPLICATE_LEDGER_ROWS","20260617000002","20260618002440"
"20260617000003_screened_leads_archive.sql","20260617000003","screened_leads_archive","a0d172ca71b5a557","B_DUPLICATE_LEDGER_ROWS","20260617000003","20260617183933"
"20260623000001_approval_rpc_atomic.sql","20260623000001","approval_rpc_atomic","d0bbe63e4d31c06b","B_DUPLICATE_LEDGER_ROWS","20260623000001","20260624005320"
"20260623000002_content_approval.sql","20260623000002","content_approval","13b4015f5f67af13","B_DUPLICATE_LEDGER_ROWS","20260623000002","20260623214957"
"20260623000003_content_approval_rls_lockdown.sql","20260623000003","content_approval_rls_lockdown","2af875b5d834ab4c","B_DUPLICATE_LEDGER_ROWS","20260623000003","20260623225040"
"20260623000004_deliverables_article_meta.sql","20260623000004","deliverables_article_meta","5c7c1e7b29280782","A_EXACT_MATCH","20260623000004",""
"20260623000005_deliverables_review_notified_at.sql","20260623000005","deliverables_review_notified_at","827fc48cefe3729f","A_EXACT_MATCH","20260623000005",""
"20260623000006_firm_analytics_config.sql","20260623000006","firm_analytics_config","6e52d77ac9a2252f","A_EXACT_MATCH","20260623000006",""
"20260623000007_intake_attachments_private.sql","20260623000007","intake_attachments_private","219d1b9696b43ce9","B_DUPLICATE_LEDGER_ROWS","20260623000007","20260623235317"
"20260623000008_intake_firms_is_demo.sql","20260623000008","intake_firms_is_demo","30bbb36db0779d83","B_DUPLICATE_LEDGER_ROWS","20260623000008","20260624015747"
"20260623000009_matter_messages_threading.sql","20260623000009","matter_messages_threading","a6b45bc3f1e6870f","B_DUPLICATE_LEDGER_ROWS","20260623000009","20260623213534"
"20260624000001_content_periods.sql","20260624000001","content_periods","818cd60dfa5bbd3b","B_DUPLICATE_LEDGER_ROWS","20260624000001","20260624173013"
"20260624000002_content_plan_settings.sql","20260624000002","content_plan_settings","fd30fd77576957bc","B_DUPLICATE_LEDGER_ROWS","20260624000002","20260624181016"
"20260624000003_content_studio_foundation.sql","20260624000003","content_studio_foundation","8f926449a8c052f4","A_EXACT_MATCH","20260624000003",""
"20260624000004_deliverables_kicker.sql","20260624000004","deliverables_kicker","46f6414fb127998d","A_EXACT_MATCH","20260624000004",""
"20260624000005_force_rls_three_pii_tables.sql","20260624000005","force_rls_three_pii_tables","eeed6a100302ab98","B_DUPLICATE_LEDGER_ROWS","20260624000005","20260624145957"
"20260624000006_notification_outbox_deliverable_events.sql","20260624000006","notification_outbox_deliverable_events","5c78b7f7853f9882","B_DUPLICATE_LEDGER_ROWS","20260624000006","20260624131132"
"20260624000007_operator_firm_messaging.sql","20260624000007","operator_firm_messaging","69c6a14a2e5fc2b0","B_DUPLICATE_LEDGER_ROWS","20260624000007","20260624132001"
"20260624000008_operator_firm_messages_context.sql","20260624000008","operator_firm_messages_context","61cae93407a678c3","B_DUPLICATE_LEDGER_ROWS","20260624000008","20260624173258"
"20260624000009_operator_firm_messaging_phase2.sql","20260624000009","operator_firm_messaging_phase2","7a4f30952d7dcf59","B_DUPLICATE_LEDGER_ROWS","20260624000009","20260624145310"
"20260625000001_agency_crm.sql","20260625000001","agency_crm","23178f4395d22bac","B_DUPLICATE_LEDGER_ROWS","20260625000001","20260625184449"
"20260625000002_firm_about_explainer.sql","20260625000002","firm_about_explainer","f9f117b3d2de8de2","B_DUPLICATE_LEDGER_ROWS","20260625000002","20260625215747"
"20260625000003_firm_about_links.sql","20260625000003","firm_about_links","ceae63f4530749f8","B_DUPLICATE_LEDGER_ROWS","20260625000003","20260625222355"
"20260625000004_firm_onboarding_v2_phase1_bing_apple_fees.sql","20260625000004","firm_onboarding_v2_phase1_bing_apple_fees","3b82eecf88d99a52","A_EXACT_MATCH","20260625000004",""
"20260625000005_intake_firms_read_scoring_port.sql","20260625000005","intake_firms_read_scoring_port","e2ccd5110585e4fa","B_DUPLICATE_LEDGER_ROWS","20260625000005","20260626031528"
"20260625000006_portal_signin_codes.sql","20260625000006","portal_signin_codes","5a5860ba6623bad0","B_DUPLICATE_LEDGER_ROWS","20260625000006","20260625011646"
"20260625000007_screened_leads_contact_postal_code.sql","20260625000007","screened_leads_contact_postal_code","11ea890392b925c4","A_EXACT_MATCH","20260625000007",""
"20260625000008_screened_leads_scoring_delta.sql","20260625000008","screened_leads_scoring_delta","16fe5a96c526dd9c","B_DUPLICATE_LEDGER_ROWS","20260625000008","20260625224856"
"20260626000000_screened_conflict_checks.sql","20260626000000","screened_conflict_checks","375b611a3ee6364d","B_DUPLICATE_LEDGER_ROWS","20260626000000","20260628234330"
"20260626000001_fix_cron_health_http_correlation.sql","20260626000001","fix_cron_health_http_correlation","e49a348c532570b6","A_EXACT_MATCH","20260626000001",""
"20260626000002_matter_promotion_events.sql","20260626000002","matter_promotion_events","5ee3fb0b451f32a9","B_DUPLICATE_LEDGER_ROWS","20260626000002","20260626173506"
"20260626000003_screened_leads_axis_reasoning.sql","20260626000003","screened_leads_axis_reasoning","adf7025a16a20964","B_DUPLICATE_LEDGER_ROWS","20260626000003","20260626174343"
"20260626000004_screened_leads_consent.sql","20260626000004","screened_leads_consent","e7e561b30e5124b7","B_DUPLICATE_LEDGER_ROWS","20260626000004","20260626203055"
"20260626203055_20260626_screened_leads_consent.sql","20260626203055","20260626_screened_leads_consent","0d8af4a8c1e69a54","B_DUPLICATE_LEDGER_ROWS","20260626203055","20260626000004"
"20260628_m1_parties_activities.sql","20260628","m1_parties_activities","6047d91a645bc92a","B_DUPLICATE_LEDGER_ROWS","20260628","20260629014003"
"20260701_seo_audit_runs.sql","20260701","seo_audit_runs","688aaf01f8945c2b","B_DUPLICATE_LEDGER_ROWS","20260701","20260703191317"
"20260702000001_screened_leads_deadline_reminder.sql","20260702000001","screened_leads_deadline_reminder","da739245c64d4a75","B_DUPLICATE_LEDGER_ROWS","20260702000001","20260702145505"
"20260702000002_seo_check_runs.sql","20260702000002","seo_check_runs","83bda44283955b9f","B_DUPLICATE_LEDGER_ROWS","20260702000002","20260703185959"
"20260702152906_promote_scoring_port_default_on.sql","20260702152906","promote_scoring_port_default_on","24d6feb7fbfe0ccf","A_EXACT_MATCH","20260702152906",""
"20260702154220_screened_leads_decision_reason_code.sql","20260702154220","screened_leads_decision_reason_code","53c0ddfce098d0fc","A_EXACT_MATCH","20260702154220",""
"20260702155341_web_intake_sessions.sql","20260702155341","web_intake_sessions","92c27c188f1a0f35","A_EXACT_MATCH","20260702155341",""
"20260702190957_j8_client_matters_milestone_fields_schema.sql","20260702190957","j8_client_matters_milestone_fields_schema","4d97dafdbe033b37","A_EXACT_MATCH","20260702190957",""
"20260703_cadence_engine_shadow.sql","20260703","cadence_engine_shadow","59755fe2afa02437","B_DUPLICATE_LEDGER_ROWS","20260703","20260703204338"
"20260705000001_booking_adapter_wp6.sql","20260705000001","booking_adapter_wp6","3f6cde6a75c0bc91","B_DUPLICATE_LEDGER_ROWS","20260705000001","20260705181015"
"20260705000002_cadence_audit_fixes.sql","20260705000002","cadence_audit_fixes","70c259f438970b61","B_DUPLICATE_LEDGER_ROWS","20260705000002","20260705233907"
"20260705000003_cadence_wp1_extensions.sql","20260705000003","cadence_wp1_extensions","4ea1b7f735f9875f","B_DUPLICATE_LEDGER_ROWS","20260705000003","20260705171351"
"20260705000004_dashboard_views_wp5.sql","20260705000004","dashboard_views_wp5","c5adbd8ab0b6e682","B_DUPLICATE_LEDGER_ROWS","20260705000004","20260705180445"
"20260705000005_ghl_export_wp8.sql","20260705000005","ghl_export_wp8","543f362bb9e0e383","B_DUPLICATE_LEDGER_ROWS","20260705000005","20260705182716"
"20260705000006_review_automation_wp4.sql","20260705000006","review_automation_wp4","5ad4f80a7042d3e8","B_DUPLICATE_LEDGER_ROWS","20260705000006","20260705175533"
"20260706000001_agency_prospects_dedupe_key.sql","20260706000001","agency_prospects_dedupe_key","96e4b157bc7e1852","B_DUPLICATE_LEDGER_ROWS","20260706000001","20260706040407"
"20260706000002_cadence_rules_trigger_type_field_change_only.sql","20260706000002","cadence_rules_trigger_type_field_change_only","1318f090227359a9","B_DUPLICATE_LEDGER_ROWS","20260706000002","20260706040354"
"20260706000003_consent_log_repair_cron.sql","20260706000003","consent_log_repair_cron","c30b69a4488065a8","B_DUPLICATE_LEDGER_ROWS","20260706000003","20260706045625"
"20260706000004_screened_leads_gclid.sql","20260706000004","screened_leads_gclid","ef028673f67b0d79","B_DUPLICATE_LEDGER_ROWS","20260706000004","20260706041720"
"20260706000005_web_intake_sessions_gclid.sql","20260706000005","web_intake_sessions_gclid","c21c8d176051750e","B_DUPLICATE_LEDGER_ROWS","20260706000005","20260706042154"
"20260706200052_operator_preview_log.sql","20260706200052","operator_preview_log","07c210aaa02a7be5","A_EXACT_MATCH","20260706200052",""
"20260707000001_consent_log_repair_antijoin_fn.sql","20260707000001","consent_log_repair_antijoin_fn","4115c0bb2e7aa9f7","B_DUPLICATE_LEDGER_ROWS","20260707000001","20260706142705"
"20260707000002_deliverable_current_version_invariant.sql","20260707000002","deliverable_current_version_invariant","75dd101b0c9321f3","B_DUPLICATE_LEDGER_ROWS","20260707000002","20260706162509"
"20260709_deliverable_change_request_loop.sql","20260709","deliverable_change_request_loop","d994178f183dc5e4","B_DUPLICATE_LEDGER_ROWS","20260709","20260709201137"
"20260713234759_deliverable_suggestions.sql","20260713234759","deliverable_suggestions","43ab6ebf1c4f8fcb","A_EXACT_MATCH","20260713234759",""
"20260713235455_deliverable_suggestion_atomic_workflow.sql","20260713235455","deliverable_suggestion_atomic_workflow","8b27f69c510e81f6","A_EXACT_MATCH","20260713235455",""
"20260714001604_deliverable_suggestion_fk_indexes.sql","20260714001604","deliverable_suggestion_fk_indexes","8a817cd866c60d18","A_EXACT_MATCH","20260714001604",""
"20260714011950_deliverable_suggestion_release_hardening.sql","20260714011950","deliverable_suggestion_release_hardening","e8c8e240672d9c81","A_EXACT_MATCH","20260714011950",""
"20260714141535_publication_metadata.sql","20260714141535","publication_metadata","8b00b5178f561c5f","A_EXACT_MATCH","20260714141535",""
"20260714141612_publication_artifacts.sql","20260714141612","publication_artifacts","0e63bd42d40a00aa","A_EXACT_MATCH","20260714141612",""
"20260714141709_publication_artifacts_fk_indexes.sql","20260714141709","publication_artifacts_fk_indexes","e86ec86b647812c8","A_EXACT_MATCH","20260714141709",""
"20260714180754_publication_artifacts_uniqueness.sql","20260714180754","publication_artifacts_uniqueness","d5cc2fa897837158","A_EXACT_MATCH","20260714180754",""
"20260715191156_20260715130000_approval_records_append_only.sql","20260715191156","20260715130000_approval_records_append_only","48cb82878aca3026","A_EXACT_MATCH","20260715191156",""
"20260715191218_20260715130100_content_placements.sql","20260715191218","20260715130100_content_placements","a7e026e88d08379b","A_EXACT_MATCH","20260715191218",""
"20260715191243_20260715130200_publication_receipts.sql","20260715191243","20260715130200_publication_receipts","1d58b4c774ffe764","A_EXACT_MATCH","20260715191243",""
"20260715193131_20260715120000_content_periods_readiness_activation.sql","20260715193131","20260715120000_content_periods_readiness_activation","f8e8a8c87c94af59","A_EXACT_MATCH","20260715193131",""
"20260715193139_20260715120200_content_deliverables_cta_target_path.sql","20260715193139","20260715120200_content_deliverables_cta_target_path","e1d0da4ecbac47c7","A_EXACT_MATCH","20260715193139",""
"20260715193146_20260715120400_founder_vesting_cta_target_path_fix.sql","20260715193146","20260715120400_founder_vesting_cta_target_path_fix","7531eff582bbc3e2","A_EXACT_MATCH","20260715193146",""
"20260715193201_20260715120500_relocation_clause_publication_metadata.sql","20260715193201","20260715120500_relocation_clause_publication_metadata","5beac63e9c0c5a8e","A_EXACT_MATCH","20260715193201",""
"20260715193211_20260715121000_already_published_retroactive_review_publication_metadata.sql","20260715193211","20260715121000_already_published_retroactive_review_publication_metadata","5fb1c0950ec108ef","A_EXACT_MATCH","20260715193211",""
"20260715193219_20260715121500_decision_tools_publication_metadata.sql","20260715193219","20260715121500_decision_tools_publication_metadata","9731d1a7d17c8180","A_EXACT_MATCH","20260715193219",""
"20260715193236_20260715122000_renewal_clause_publication_metadata.sql","20260715193236","20260715122000_renewal_clause_publication_metadata","c971f7c0e0dc3606","A_EXACT_MATCH","20260715193236",""
"20260715193255_20260715122500_equal_shares_unequal_control_publication_metadata.sql","20260715193255","20260715122500_equal_shares_unequal_control_publication_metadata","6308e3c4271a07ba","A_EXACT_MATCH","20260715193255",""
"20260715193313_20260715123000_power_of_attorney_publication_metadata.sql","20260715193313","20260715123000_power_of_attorney_publication_metadata","80e55683c1beec4f","A_EXACT_MATCH","20260715193313",""
"20260715193329_20260715123500_shareholder_agreement_clauses_publication_metadata.sql","20260715193329","20260715123500_shareholder_agreement_clauses_publication_metadata","89ce8c4f150304a0","A_EXACT_MATCH","20260715193329",""
"20260715193342_20260715124000_content_periods_lifecycle_inventory.sql","20260715193342","20260715124000_content_periods_lifecycle_inventory","80392ffc51adeb3b","A_EXACT_MATCH","20260715193342",""
"20260715210116_content_periods_enforced_monotonic.sql","20260715210116","content_periods_enforced_monotonic","fae871979ba23eb1","A_EXACT_MATCH","20260715210116",""
"20260715225139_publication_receipt_integrity_hardening.sql","20260715225139","publication_receipt_integrity_hardening","3dc3c9859644d344","A_EXACT_MATCH","20260715225139",""
"20260715231733_publication_receipt_hardening_supplement.sql","20260715231733","publication_receipt_hardening_supplement","ce526ee44721c834","A_EXACT_MATCH","20260715231733",""
"20260715232702_20260715234500_publication_artifacts_dedupe_partial_index.sql","20260715232702","20260715234500_publication_artifacts_dedupe_partial_index","4bffe7c7b3470345","A_EXACT_MATCH","20260715232702",""
"20260716000000_firm_assist_corpus.sql","20260716000000","firm_assist_corpus","90fc02a28e8b3f00","B_DUPLICATE_LEDGER_ROWS","20260716000000","20260716022452"
"20260716144315_publication_receipt_verification_after_revision_fix.sql","20260716144315","publication_receipt_verification_after_revision_fix","bfa50215f95287c0","A_EXACT_MATCH","20260716144315",""
"20260716144510_publication_receipt_concurrency_lock.sql","20260716144510","publication_receipt_concurrency_lock","1df70155cd4bc236","A_EXACT_MATCH","20260716144510",""
"20260716144723_publication_receipt_reconcile_concurrency_lock_merge.sql","20260716144723","publication_receipt_reconcile_concurrency_lock_merge","57dd99c7fcce566b","A_EXACT_MATCH","20260716144723",""
"20260716150130_publication_placement_claims.sql","20260716150130","publication_placement_claims","17ffba6081b26d46","A_EXACT_MATCH","20260716150130",""
"20260716155746_publication_placement_claim_race_fix.sql","20260716155746","publication_placement_claim_race_fix","4a10d728a306e12d","A_EXACT_MATCH","20260716155746",""
"20260716205822_publication_receipt_claim_binding.sql","20260716205822","publication_receipt_claim_binding","2ab8f4afe764a8c1","A_EXACT_MATCH","20260716205822",""
"20260716205829_publication_placement_claim_mutation_lockdown.sql","20260716205829","publication_placement_claim_mutation_lockdown","6c1b0a02b63891e5","A_EXACT_MATCH","20260716205829",""
"20260716210037_publication_receipt_claim_release_revoke_public_execute.sql","20260716210037","publication_receipt_claim_release_revoke_public_execute","914c06946d193a5a","A_EXACT_MATCH","20260716210037",""
"20260717001444_publication_receipt_actor_binding_and_hash_trust_fix.sql","20260717001444","publication_receipt_actor_binding_and_hash_trust_fix","fd0734bbac3f42dd","A_EXACT_MATCH","20260717001444",""
"20260717001510_publication_placement_claim_idempotency_identity_scoping.sql","20260717001510","publication_placement_claim_idempotency_identity_scoping","8a3041bb15851e62","A_EXACT_MATCH","20260717001510",""
"20260717015014_publication_placement_claim_idempotency_firm_scoping.sql","20260717015014","publication_placement_claim_idempotency_firm_scoping","b1bcd84ad24543ad","A_EXACT_MATCH","20260717015014",""
"20260717030000_content_attribution_evidence.sql","20260717030000","content_attribution_evidence","ba91507600c61e53","B_LOCAL_VERSION_NOT_IN_LEDGER_SLUG_MATCHES_ELSEWHERE","","20260717224806"
"20260717230956_standing_publishing_authorization.sql","20260717230956","standing_publishing_authorization","f71e53cf028584ab","A_EXACT_MATCH","20260717230956",""
"OPERATOR_APPLY_supabase_admin_default_acl.sql","","OPERATOR_APPLY_supabase_admin_default_acl","82d7ba26d9d2c017","MANUAL_RUNBOOK_NOT_A_MIGRATION","",""

--- ORPHAN LEDGER ROWS (production ledger entries with zero local file claiming them by exact version or slug match; NOTE: "zero local file matching this row" is a narrower claim than "zero source exists" -- see source_status and docs/audits/MIGRATION_LINEAGE_ZERO_SOURCE_INVESTIGATION_2026-07-18.md for the corrected three-way split) ---
ledger_version,ledger_name,source_status,source_location
"20260518193933","enable_required_extensions","SOURCE_ON_MAIN_LINEAGE_MISMATCHED","supabase/migrations/20260506000003_pg_cron_pg_net_setup.sql (main, content-equivalent, not filed under this version)"
"20260626100000","content_studio_format_taxonomy","GENUINELY_UNTRACEABLE",""
"20260626100100","content_studio_doctrine_p0","GENUINELY_UNTRACEABLE",""
"20260626100200","content_studio_compliance_formats","GENUINELY_UNTRACEABLE",""
"20260712183638","add_firm_profile_fee_detail_fields","GENUINELY_UNTRACEABLE",""
"20260713185849","pdf_artifact_integrity","SOURCE_ON_UNMERGED_BRANCH","origin/feat/deliverable-suggestions-release:supabase/migrations/20260713185808_pdf_artifact_integrity.sql (byte-for-byte schema match confirmed live)"
"20260717231158","standing_publishing_authorization_notification_pref_null_fix","GENUINELY_UNTRACEABLE",""
